{"fusion_probability": 0.372, "fusion_state": 0, "state_vector": [{"real": 0.47885072231292725, "imag": 0.0}, {"real": 0.3574211597442627, "imag": 0.00036606923094950616}, {"real": 0.3574211597442627, "imag": 0.00036606923094950616}, {"real": 0.3574211597442627, "imag": 0.00036606923094950616}], "probabilities": [0.3743347227573395, 0.20855508744716644, 0.20855508744716644, 0.20855508744716644], "measurement_counts": {"0": 372, "1": 201, "2": 218, "3": 209}}