{
    "fusion_probability": 0.998,
    "fusion_state": 0,
    "state_vector": [
        {
            "real": 1.406053066253662,
            "imag": 0.0
        },
        {
            "real": 0.04899612069129944,
            "imag": 0.012797610834240913
        },
        {
            "real": 0.04899612069129944,
            "imag": 0.012797610834240913
        },
        {
            "real": 0.04899612069129944,
            "imag": 0.012797610834240913
        }
    ],
    "probabilities": [
        0.9961236715316772,
        0.0012920978479087353,
        0.0012920978479087353,
        0.0012920978479087353
    ],
    "measurement_counts": {
        "0": 998,
        "1": 1,
        "3": 1
    }
}